{
    "providers": [
        {
            "type": "bitmap",
            "file": "minecraft:font/hype_games1.png",
            "ascent": 7,
            "height": 8,
            "chars": [
                "ਕ"
            ]
        },
        {
            "type": "bitmap",
            "file": "minecraft:font/hype_games2.png",
            "ascent": 7,
            "height": 8,
            "chars": [
                "ਖ"
            ]
        },
        {
            "type": "bitmap",
            "file": "minecraft:font/hype_games.png",
            "ascent": 7,
            "height": 8,
            "chars": [
                "ਗ"
            ]
        },
        {
            "type": "bitmap",
            "file": "minecraft:font/siya.png",
            "ascent": 7,
            "height": 8,
            "chars": [
                "ਭ"
            ]
        }
    ]
}